Id, type, name, status, description, start, duration, end, epic
1,TASK,name1,NEW,desc1,08.10.2025|08:00,10,08.10.2025|08:10
2,TASK,name2,NEW,desc1,08.10.2025|08:15,10,08.10.2025|08:25
3,TASK,name3,NEW,desc1,08.10.2025|08:30,10,08.10.2025|08:40
4,EPIC,name1,NEW,desc1,08.10.2025|15:00,30,08.10.2025|15:40
5,SUBTASK,name4,NEW,desc4,08.10.2025|15:00,10,08.10.2025|15:10,4
6,SUBTASK,name5,NEW,desc4,08.10.2025|15:15,10,08.10.2025|15:25,4
7,SUBTASK,name6,NEW,desc4,08.10.2025|15:30,10,08.10.2025|15:40,4

1,3,5,7
